Ref,Val,Package,PosX,PosY,Rot,Side
"BT3","Battery_Cell","JST_SH_SM02B-SRSS-TB_1x02-1MP_P1.00mm_Horizontal",124.500000,-93.000000,-90.000000,top
"C1","22uF","C_0805_2012Metric_Pad1.18x1.45mm_HandSolder",150.750000,-80.750000,180.000000,top
"C2","100nF","C_0805_2012Metric_Pad1.18x1.45mm_HandSolder",150.750000,-77.800000,180.000000,top
"C3","4.7uF","C_0805_2012Metric_Pad1.18x1.45mm_HandSolder",130.462500,-87.200000,0.000000,top
"C4","4.7uF","C_0805_2012Metric_Pad1.18x1.45mm_HandSolder",130.425000,-84.700000,0.000000,top
"C5","10uF","C_0805_2012Metric_Pad1.18x1.45mm_HandSolder",130.500000,-82.200000,0.000000,top
"C6","1nF","C_0805_2012Metric_Pad1.18x1.45mm_HandSolder",131.700000,-78.662500,-90.000000,top
"C7","1nF","C_0805_2012Metric_Pad1.18x1.45mm_HandSolder",128.200000,-78.662500,90.000000,top
"C8","10nF","C_0805_2012Metric_Pad1.18x1.45mm_HandSolder",135.000000,-78.500000,90.000000,top
"C9","470nF","C_0805_2012Metric_Pad1.18x1.45mm_HandSolder",141.700000,-78.500000,90.000000,top
"C10","22nF","C_0805_2012Metric_Pad1.18x1.45mm_HandSolder",138.200000,-78.500000,90.000000,top
"C11","10nF","C_0805_2012Metric_Pad1.18x1.45mm_HandSolder",135.000000,-89.237500,90.000000,top
"C12","470nF","C_0805_2012Metric_Pad1.18x1.45mm_HandSolder",141.000000,-91.537500,-90.000000,top
"C13","22nF","C_0805_2012Metric_Pad1.18x1.45mm_HandSolder",138.000000,-91.537500,-90.000000,top
"C14","10uF","C_0805_2012Metric_Pad1.18x1.45mm_HandSolder",129.700000,-74.240000,-90.000000,top
"C15","10uF","C_0805_2012Metric_Pad1.18x1.45mm_HandSolder",136.200000,-74.240000,-90.000000,top
"C16","100nF","C_0805_2012Metric_Pad1.18x1.45mm_HandSolder",133.010000,-74.240000,-90.000000,top
"C17","100nF","C_0805_2012Metric_Pad1.18x1.45mm_HandSolder",132.000000,-90.500000,-90.000000,top
"C18","1uF","C_0805_2012Metric_Pad1.18x1.45mm_HandSolder",129.000000,-90.500000,-90.000000,top
"C19","100nF","C_0805_2012Metric_Pad1.18x1.45mm_HandSolder",150.750000,-97.500000,90.000000,top
"C20","1uF","C_0805_2012Metric_Pad1.18x1.45mm_HandSolder",144.037500,-94.000000,180.000000,top
"C21","1uF","C_0805_2012Metric_Pad1.18x1.45mm_HandSolder",143.000000,-97.500000,90.000000,top
"C22","10nF","C_0805_2012Metric_Pad1.18x1.45mm_HandSolder",126.956250,-103.506250,90.000000,top
"C23","100nF","C_0805_2012Metric_Pad1.18x1.45mm_HandSolder",143.500000,-102.500000,-90.000000,top
"C24","100nF","C_0805_2012Metric_Pad1.18x1.45mm_HandSolder",163.000000,-103.000000,-90.000000,top
"C25","22uF","C_0805_2012Metric_Pad1.18x1.45mm_HandSolder",145.500000,-97.500000,-90.000000,top
"D2","BZX84C5V1-TP","SOT-23",146.437500,-107.550000,0.000000,top
"D3","LED","LED_0805_2012Metric_Pad1.15x1.40mm_HandSolder",168.500000,-100.500000,90.000000,top
"FID1","Fiducial","Fiducial_0.5mm_Mask1mm",119.500000,-105.500000,0.000000,top
"FID2","Fiducial","Fiducial_0.5mm_Mask1mm",120.500000,-75.000000,0.000000,top
"FID3","Fiducial","Fiducial_0.5mm_Mask1mm",154.250000,-105.750000,0.000000,top
"J1","S1711-46R","HARWIN_S1711-46R",150.300000,-110.300000,90.000000,top
"J2","S1711-46R","HARWIN_S1711-46R",142.200000,-110.300000,90.000000,top
"J3","Conn_02x03_Odd_Even","PinHeader_2x03_P1.27mm_Vertical_SMD",172.270000,-102.950000,90.000000,top
"JP1","Jumper_2_Bridged","SolderJumper-2_P1.3mm_Bridged_RoundedPad1.0x1.5mm",130.500000,-95.000000,0.000000,top
"L1","WR483245-15F5-G","JST_SH_SM02B-SRSS-TB_1x02-1MP_P1.00mm_Horizontal",124.875000,-85.000000,-90.000000,top
"Q1","PJA3401A_R1_00001","SOT-23",134.537500,-95.537500,90.000000,top
"R1","500k","R_0805_2012Metric_Pad1.20x1.40mm_HandSolder",150.500000,-103.500000,0.000000,top
"R2","10k","R_0805_2012Metric_Pad1.20x1.40mm_HandSolder",168.500000,-104.750000,-90.000000,top
"R5","10k","R_0805_2012Metric_Pad1.20x1.40mm_HandSolder",166.000000,-104.750000,90.000000,top
"R6","100","R_0805_2012Metric_Pad1.20x1.40mm_HandSolder",148.250000,-97.500000,90.000000,top
"R7","430","R_0805_2012Metric_Pad1.20x1.40mm_HandSolder",143.700000,-82.290000,180.000000,top
"R8","2.4k","R_0805_2012Metric_Pad1.20x1.40mm_HandSolder",143.700000,-85.790000,180.000000,top
"R9","20k","R_0805_2012Metric_Pad1.20x1.40mm_HandSolder",139.200000,-74.240000,90.000000,top
"R11","500k","R_0805_2012Metric_Pad1.20x1.40mm_HandSolder",141.000000,-102.500000,90.000000,top
"R12","2.4k","R_0805_2012Metric_Pad1.20x1.40mm_HandSolder",166.000000,-100.500000,-90.000000,top
"R13","10k","R_0805_2012Metric_Pad1.20x1.40mm_HandSolder",153.000000,-84.500000,90.000000,top
"R14","10k","R_0805_2012Metric_Pad1.20x1.40mm_HandSolder",153.000000,-88.500000,90.000000,top
"R15","10k","R_0805_2012Metric_Pad1.20x1.40mm_HandSolder",130.787500,-98.450000,180.000000,top
"R16","500k","R_0805_2012Metric_Pad1.20x1.40mm_HandSolder",135.000000,-99.000000,0.000000,top
"R18","10k","R_0805_2012Metric_Pad1.20x1.40mm_HandSolder",121.956250,-103.506250,-90.000000,top
"R19","10k","R_0805_2012Metric_Pad1.20x1.40mm_HandSolder",124.456250,-103.506250,90.000000,top
"R20","500k","R_0805_2012Metric_Pad1.20x1.40mm_HandSolder",127.500000,-99.000000,90.000000,top
"R21","10k","R_0805_2012Metric_Pad1.20x1.40mm_HandSolder",153.000000,-93.000000,90.000000,top
"SW1","A6TN-1104","SW_DIP_SPSTx01_Slide_6.7x4.1mm_W7.62mm_P2.54mm_LowProfile",148.262500,-91.805000,90.000000,top
"TP1","TestPoint","TestPoint_Pad_D1.0mm",149.500000,-100.500000,-90.000000,top
"TP2","TestPoint","TestPoint_Pad_D1.0mm",152.500000,-100.500000,-90.000000,top
"TP3","TestPoint","TestPoint_Pad_D1.0mm",154.000000,-103.750000,0.000000,top
"TP5","TestPoint","TestPoint_Pad_D1.0mm",134.000000,-92.500000,-90.000000,top
"TP6","TestPoint","TestPoint_Pad_D1.0mm",119.500000,-99.500000,-90.000000,top
"TP7","TestPoint","TestPoint_Pad_D1.0mm",129.956250,-102.506250,-90.000000,top
"TP8","TestPoint","TestPoint_Pad_D1.0mm",151.000000,-75.500000,0.000000,top
"TP9","TestPoint","TestPoint_Pad_D1.0mm",141.700000,-87.790000,0.000000,top
"TP10","TestPoint","TestPoint_Pad_D1.0mm",144.000000,-79.200000,0.000000,top
"U1","HDC2080","Texas_S-PWSON-N6-HDC2080",159.100000,-101.850000,90.000000,top
"U2","TLV2371DBV","SOT-23-5",146.550000,-102.362500,90.000000,top
"U3","TPS22810DBV","SOT-23-6",123.262500,-98.950000,180.000000,top
"U4","ESP32-C6-WROOM-1-N4","MOD28_ESP32-C6-WROOM-1_EXP",164.255000,-85.290000,0.000000,top
"U5","TLV75533PDBV","SOT-23-5",139.362500,-96.950000,0.000000,top
"U6","BQ51050BRHL","Texas_VQFN-RHL-20",137.250000,-84.350000,90.000000,top
